Plant ID,State,Utility Name,Plant Name,Reported Depreciable Plant Balance ($),Reported Depreciation Reserve ($),Calculated Plant Value in Study Year ($),Reported Net Salvage Amount,Net Plant Balance Incl. Removal Net of Salvage,Remaining Life of Existing Plant as of Study Year (no decimals),Annual Depreciation Expense ($),Study Year,Retirement Year,Current Remaining Life (yrs),Current Net Plant Balance ($),Current Net Plant Balance Incl. Removal Net of Salvage ($)
57038,MN,Minnesota Power,Bison,774734137,77805038,696929099,-2464282.238,699393381.2,31,22561076.81,2016,2047,27,606684791.7,609149074
1892,MN,Minnesota Power,Blanchard,11920919,5329552,6591367,0,6591367,47,140241.8511,2016,2063,43,6030399.596,6030399.596
1893_1,MN,Minnesota Power,Boswell 1,58832425.62,35960071.33,22872354.29,-4647761.624,27520115.91,8,3440014.489,2016,2024,4,9112296.332,13760057.96
1893_2,MN,Minnesota Power,Boswell 2,53876281.62,34363442.33,19512839.29,-5382240.533,24895079.82,8,3111884.978,2016,2024,4,7065299.377,12447539.91
1893_3,MN,Minnesota Power,Boswell 3,516993097.8,196309813.1,320683284.8,-30244096.22,350927381,18,19495965.61,2016,2034,14,242699422.3,272943518.6
1893_4,MN,Minnesota Power,Boswell 4,701701752.9,225426465.3,476275287.7,-25892794.68,502168082.3,19,26429899.07,2016,2035,15,370555691.4,396448486.1
1894,MN,Minnesota Power,Fond du Lac,18094873,3732563,14362310,0,14362310,47,305581.0638,2016,2063,43,13139985.74,13139985.74
1895,MN,Minnesota Power,Knife Falls,3556172,1832171,1724001,0,1724001,47,36680.87234,2016,2063,43,1577277.511,1577277.511
1896,MN,Minnesota Power,Little Falls,8947421,4249205,4698216,0,4698216,47,99962.04255,2016,2063,43,4298367.83,4298367.83
1897,MN,Minnesota Power,M L Hibbard,93461883,53764885,39696998,-1028080.713,40725078.71,8,5090634.839,2016,2024,4,19334458.64,20362539.36
1898,MN,Minnesota Power,Pillager,2320626,1296654,1023972,0,1023972,47,21786.6383,2016,2063,43,936825.4468,936825.4468
378,MN,Minnesota Power,Prairie River,4664659,957656,3707003,0,3707003,47,78872.40426,2016,2063,43,3391513.383,3391513.383
1899,MN,Minnesota Power,Scanlon,3570519,1453623,2116896,0,2116896,47,45040.34043,2016,2063,43,1936734.638,1936734.638
1891,MN,Minnesota Power,Syl Laskin,86433501,57409356,29024145,-20744040.24,49768185.24,14,3554870.374,2016,2030,10,14804663.5,35548703.74
1900,MN,Minnesota Power,Sylvan,2252289,1525518,726771,0,726771,47,15463.21277,2016,2063,43,664918.1489,664918.1489
10075,MN,Minnesota Power,Taconite Harbor,136980992.3,53127444,83853548.27,-7890105.155,91743653.42,10,9174365.342,2016,2026,6,47156086.9,55046192.05
56630,MN,Minnesota Power,Taconite Ridge,47824453,5289179,42535274,-153038.2496,42688312.25,26,1641858.163,2016,2042,22,35967841.35,36120879.6
1901,MN,Minnesota Power,Thomson,100189337,4298901,95890436,0,95890436,47,2040222.043,2016,2063,43,87729547.83,87729547.83
1902,MN,Minnesota Power,Winton,5161797,2548327,2613470,0,2613470,47,55605.74468,2016,2063,43,2391047.021,2391047.021
MN_Power_Other,MN,Minnesota Power,Other Production,19244940,2403164,16841776,0,16841776,47,358335.6596,2016,2063,43,15408433.36,15408433.36
1915,MN,Northern States Power - MN,Allen S. King,703885904,246861888,457024016,-57718644.13,514742660.1,21,24511555.24,2016,2037,17,358977795,416696439.2
7237,MN,Northern States Power - MN,Angus C. Anson,122060290,84430051,37630239,-10311245.58,47941484.58,15,3196098.972,2016,2031,11,24845843.11,35157088.69
1904,MN,Northern States Power - MN,Black Dog 5,234089045.9,114807271.2,119281774.8,-26686151.24,145967926,15,9731195.067,2016,2031,11,80356994.5,107043145.7
8027,MN,Northern States Power - MN,Blue Lake Units 7&8,96094686.73,55133243.58,40961443.15,-13968308.31,54929751.46,15,3661983.431,2016,2031,11,26313509.43,40281817.74
59200,MN,Northern States Power - MN,Border Winds,262818134.2,11803039.04,251015095.1,-22339541.4,273354636.5,24,11389776.52,2016,2040,20,205455989,227795530.4
58658,MN,Northern States Power - MN,Courtenay Wind,280164690.4,1519665.68,278645024.7,-23636291.56,302281316.3,25,12091252.65,2016,2041,21,230280014.1,253916305.7
56994,MN,Northern States Power - MN,Grand Meadow Wind,211150361.3,69434557.17,141715804.2,-23217284.73,164933088.9,17,9701946.405,2016,2033,13,102908018.5,126125303.3
1911,MN,Northern States Power - MN,Hennepin Island & Upper Dam,26100647,10337389,15763258,-6136312.512,21899570.51,17,1288210.03,2016,2033,13,10610417.88,16746730.39
1912,MN,Northern States Power - MN,High Bridge,387584611.7,69142011.57,318442600.1,-13565461.41,332008061.5,31,10709937.47,2016,2047,27,275602850.3,289168311.7
1913,MN,Northern States Power - MN,Inver Hills,58840218.35,53292875.96,5547342.39,-10767759.96,16315102.35,10,1631510.235,2016,2026,6,-978698.5492,9789061.409
1922,MN,Northern States Power - MN,Monticello,1614098462,637543836.7,976554625,0,976554625,14,69753901.79,2016,2030,10,697539017.9,697539017.9
57047,MN,Northern States Power - MN,Nobles Wind,517890253.8,132101650.8,385788603,-30840325.19,416628928.2,19,21927838.33,2016,2035,15,298077249.7,328917574.9
59201,MN,Northern States Power - MN,Pleasant Valley Wind,331597267.6,16128646.7,315468620.9,-28185767.74,343654388.6,24,14318932.86,2016,2040,20,258192889.4,286378657.2
1925,MN,Northern States Power - MN,Prairie Island,2095522752,1007691874,1087830878,0,1087830878,17,63990051.66,2016,2033,13,831870671.6,831870671.6
1926,MN,Northern States Power - MN,Red Wing,61321618,59234983,2086635,-17047409.8,19134044.8,11,1739458.619,2016,2027,7,-4871199.474,12176210.33
1927,MN,Northern States Power - MN,Riverside,312113721.7,75324296.4,236789425.3,-35268850.55,272058275.9,32,8501821.121,2016,2048,28,202782140.8,238050991.4
4011,MN,Northern States Power - MN,St Croix Falls,2307516.16,500617.11,1806899.05,-173063.712,1979962.762,11,179996.6147,2016,2027,7,1086912.591,1259976.303
6090_1,MN,Northern States Power - MN,Sherco 1,417844107,287151376.5,130692730.5,-63512304.26,194205034.8,9,21578337.2,2016,2025,5,44379381.72,107891686
6090_2,MN,Northern States Power - MN,Sherco 2,271317987,195215655.5,76102331.5,-41240334.02,117342665.5,6,19557110.92,2016,2022,2,-2126112.183,39114221.84
6090_3,MN,Northern States Power - MN,Sherco 3,733219471,492833056,240386415,-39593851.43,279980266.4,18,15554459.25,2016,2034,14,178168578,217762429.4
7378,MN,Northern States Power - MN,United Hospital,2031625,1972093,59532,0,59532,1,59532,2016,2017,-3,-178596,-178596
58579,MN,Northern States Power - MN,Wind-to-Battery System,4128902,2064979,2063923,0,2063923,7,294846.1429,2016,2023,3,884538.4286,884538.4286
6153,MO,Ameren,Callaway ,3304763112,1600153717,1704609395,-90290842.69,1794900238,27,66477786.58,2016,2043,23,1438698249,1528989091
1109,MO,Ameren,Keokuk,183108033,41764196,141343837,-15039503.25,156383340.2,38,4115351.059,2016,2054,34,124882432.8,139921936
2103,MO,Ameren,Labadie,1458538305,605690345,852847960,-7449956.35,860297916.4,26,33088381.4,2016,2042,22,720494434.4,727944390.8
2104,MO,Ameren,Meramec Steam,700120954,433159467,266961487,-16507848.42,283469335.4,6,47244889.24,2016,2022,2,77981930.05,94489778.47
2106,MO,Ameren,Osage,147518486,47152594,100365892,-1681433.06,102047325.1,30,3401577.502,2016,2046,26,86759581.99,88441015.05
6155,MO,Ameren,Rush Island ,792104812,337711821,454392991,-12571119.48,466964110.5,29,16102210.71,2016,2045,25,389984148.2,402555267.7
2107,MO,Ameren,Sioux,1352503060,458420453,894082607,-18359474.91,912442081.9,17,53673063.64,2016,2033,13,679390352.4,697749827.3
2108,MO,Ameren,Taum Sauk,123853611,11834010,112019601,-8812757.483,120832358.5,72,1678227.201,2016,2088,68,105306692.2,114119449.7
Ameren_Other,MO,Ameren,Other Production,1257593213,624683898,632909315,-58967499.69,691876814.7,29,23857821.2,2016,2045,25,537478030.2,596445529.9
825,ID,PacifiCorp,Ashton/St. Anthony,,,27301895.44,-691496.5576,27993392,14,1999528,2013,2027,7,13305199.44,13996696
827,ID,PacifiCorp,Bear River,,,31447698.22,-1467101.783,32914800,20,1645740,2013,2033,13,19927518.22,21394620
6459,MT,PacifiCorp,Big Fork,,,3713359.716,-292000.284,4005360,40,100134,2013,2053,33,3012421.716,3304422
299,UT,PacifiCorp,Blundell,,,53164753.22,-4649216.378,57813969.6,24,2408915.4,2013,2037,17,36302345.42,40951561.8
55662,WA,PacifiCorp,Chehalis,,,291226156,-10228784.01,301454940,30,10048498,2013,2043,23,220886670,231115454
113,AZ,PacifiCorp,Cholla,,,397264104.3,-32214179.71,429478284,29,14809596,2013,2042,22,293596932.3,325811112
6076,MT,PacifiCorp,Colstrip,,,71116623.92,-13287532.18,84404156.1,33,2557701.7,2013,2046,26,53212712.02,66500244.2
6021,CO,PacifiCorp,Craig,,,97861606.59,-11056951.41,108918558,21,5186598,2013,2034,14,61555420.59,72612372
56102,UT,PacifiCorp,Currant Creek,,,331688009.3,-11125750.73,342813760,32,10712930,2013,2045,25,256697499.3,267823250
3646,UT,PacifiCorp,Cutler,,,17889129.73,-266392.2687,18155522,11,1650502,2013,2024,4,6335615.731,6602008
4158,WY,PacifiCorp,Dave Johnston,,,618014401,-38857554,656871955,10,65687195.5,2017,2027,7,420952814.5,459810368.5
57299,WY,PacifiCorp,Dunlap,,,208080834.5,-2332946.468,210413781,27,7793103,2013,2040,20,153529113.5,155862060
3024,OR,PacifiCorp,Eagle Point,,,265117.9699,-18226.0301,283344,12,23612,2013,2025,5,99833.9699,118060
55607,WY,PacifiCorp,Foote Creek,,,16112866.15,-363437.8512,16476304,16,1029769,2013,2029,9,8904483.149,9267921
3648,UT,PacifiCorp,Gadsby,,,11468680.38,-11210156.62,22678837,19,1193623,2013,2032,12,3113319.379,14323476
3648_CT,UT,PacifiCorp,Gadsby Peakers,,,59734379.81,-835872.1931,60570252,19,3187908,2013,2032,12,37419023.81,38254896
56841,WY,PacifiCorp,Glenrock,,,407935888.3,-4897811.68,412833700,25,16513348,2013,2038,18,292342452.3,297240264
56666,WA,PacifiCorp,Goodnoe Hills,,,148214027.6,-1819197.448,150033225,25,6001329,2013,2038,18,106204724.6,108023922
3651,UT,PacifiCorp,Granite,,,3098407.476,-104307.5236,3202715,17,188395,2013,2030,10,1779642.476,1883950
525,CO,PacifiCorp,Hayden,,,45958340.25,-4265898.751,50224239,17,2954367,2013,2030,10,25277771.25,29543670
54761,OR,PacifiCorp,Hermiston,,,124684646.9,-5146098.148,129830745,23,5644815,2013,2036,16,85170941.85,90317040
57040,WY,PacifiCorp,High Plains/McFadden,,,234549354.3,-2751657.725,237301012,26,9126962,2013,2039,19,170660620.3,173412278
6165,UT,PacifiCorp,Hunter,,,688790519.4,-86240280.55,775030800,29,26725200,2013,2042,22,501714119.4,587954400
8069,UT,PacifiCorp,Huntington,,,582603996.8,-57522113.23,640126110,23,27831570,2013,2036,16,387783006.8,445305120
8066,WY,PacifiCorp,Jim Bridger,,,651496905.4,-88764374.57,740261280,24,30844220,2013,2037,17,435587365.4,524351740
294,OR/CA,PacifiCorp,Klamath River,,,6253469.063,-149192.9372,6402662,7,914666,2013,2020,0,-149192.9372,4.07454E-10
56237,UT,PacifiCorp,Lake Side,,,344576690.7,-10373755.28,354950446,34,10439719,2013,2047,27,271498657.7,281872413
987,ID,PacifiCorp,Last Chance,,,1225521.719,-27854.2812,1253376,12,104448,2013,2025,5,494385.7188,522240
56360,OR,PacifiCorp,Leaning Juniper,,,129516449.7,-1753405.291,131269855,23,5707385,2013,2036,16,89564754.71,91318160
56466,WA,PacifiCorp,Marengo,,,287769360.9,-3660527.091,291429888,24,12142912,2013,2037,17,202768976.9,206429504
3847,WA,PacifiCorp,Merwin,,,121381809.3,-5559680.667,126941490,45,2820922,2013,2058,38,101635355.3,107195036
4162,WY,PacifiCorp,Naughton,,,541379247,-38556560.97,579935808,16,36245988,2013,2029,9,287657331,326213892
3020,OR,PacifiCorp,North Umpqua,,,4505449.547,-136125.4532,4641575,25,185663,2013,2038,18,3205808.547,3341934
3656,UT,PacifiCorp,Pioneer,,,5964609.768,-10669.2322,5975279,17,351487,2013,2030,10,3504200.768,3514870
3032,OR,PacifiCorp,"Prospect 1,2 and 4",,,25043971.27,-64331.7261,25108303,17,1476959,2013,2030,10,14705258.27,14769590
3034,OR,PacifiCorp,Prospect 3,,,1540710,0,1540710,5,308142,2013,2018,-2,-616284,-616284
56843,WY,PacifiCorp,Seven Mile Hill,,,196158508.1,-2411791.854,198570300,25,7942812,2013,2038,18,140558824.1,142970616
3659,UT,PacifiCorp,Stairs,,,780097.6008,-48346.3992,828444,17,48732,2013,2030,10,438973.6008,487320
3850,OR,PacifiCorp,Swift,,,113683410.6,-5768279.432,119451690,45,2654482,2013,2058,38,95102036.57,100870316
3661,UT,PacifiCorp,Weber,,,879749.9552,-29249.0448,908999,7,129857,2013,2020,0,-29249.0448,-3.27418E-11
6101,WY,PacifiCorp,Wyodak,,,318032601.6,-22314340.36,340346942,26,13090267,2013,2039,19,226400732.6,248715073
3852,OR,PacifiCorp,Yale,,,38150847.54,-3670082.462,41820930,45,929354,2013,2058,38,31645369.54,35315452
PacifiCorp_Other,Various,PacifiCorp,Other Production,,,10332017.99,-767330.0102,11099348,16,693709.25,2016,2032,12,7557180.99,8324511
PacifiCorp_Mining,UT,PacifiCorp,Mining,,,108212859.5,-16680032.5,124892892,6,20815482,2013,2019,-1,-37495514.5,-20815482
703_1,GA,Georgia Power,Bowen Unit 1,777099130,257203936.8,519895193.2,-50620392.01,570515585.2,27,21130206.86,2016,2043,23,435374365.8,485994757.8
703_2,GA,Georgia Power,Bowen Unit 2,827262694.2,265685689.6,561577004.6,-57463208.31,619040212.9,27,22927415.29,2016,2043,23,469867343.5,527330551.8
703_3,GA,Georgia Power,Bowen Unit 3,1204539988,425721285.6,778818702.8,-76393756.66,855212459.5,29,29490084.81,2016,2045,25,660858363.6,737252120.2
703_4,GA,Georgia Power,Bowen Unit 4,845011039.3,292865669,552145370.3,-61524499.18,613669869.5,34,18049113.81,2016,2050,30,479948915.1,541473414.2
708_1,GA,Georgia Power,Hammond Unit 1,65479567,40938680.25,24540886.76,-4374875.587,28915762.34,24,1204823.431,2016,2040,20,19721593.03,24096468.62
708_2,GA,Georgia Power,Hammond Unit 2,75223050.02,43068293.11,32154756.91,-5663527.555,37818284.46,20,1890914.223,2016,2036,16,24591100.02,30254627.57
708_3,GA,Georgia Power,Hammond Unit 3,50929770.76,32160088.4,18769682.36,-3341303.913,22110986.27,25,884439.4508,2016,2041,21,15231924.55,18573228.47
708_4,GA,Georgia Power,Hammond Unit 4,734928111.9,331132835.1,403795276.8,-67497467.94,471292744.7,34,13861551.32,2016,2050,30,348349071.5,415846539.5
6257_1,GA,Georgia Power,Scherer Unit 1,108915404.6,42708000.66,66207403.95,-3769205.41,69976609.36,44,1590377.485,2016,2060,40,59845894.01,63615099.42
6257_2,GA,Georgia Power,Scherer Unit 2,105197586.8,40372658.41,64824928.41,-3770185.299,68595113.71,46,1491198.124,2016,2062,42,58860135.92,62630321.21
6257_3,GA,Georgia Power,Scherer Unit 3,1091912583,475712324.8,616200258.5,-32799574.88,648999833.4,42,15452376.99,2016,2058,38,554390750.6,587190325.4
6052_1,GA,Georgia Power,Wansley Unit 1,457228014.4,207240443.5,249987570.9,-19230088.81,269217659.7,38,7084675.254,2016,2054,34,221648869.8,240878958.6
6052_2,GA,Georgia Power,Wansley Unit 2,787202986.1,365464395.6,421738590.5,-65703051.47,487441642,36,13540045.61,2016,2052,32,367578408.1,433281459.5
728,GA,Georgia Power,Yates Unit 6,702554216,523312870.7,179241345.3,-35475910.57,214717255.9,44,4879937.634,2016,2060,40,159721594.8,195197505.4
6124,GA,Georgia Power,McIntosh,269516633,214947654.7,54568978.26,-10024450.74,64593429.01,47,1374328.277,2016,2063,43,49071665.16,59096115.9
6051,GA,Georgia Power,Hatch,1346963154,621914017.4,725049136.6,-11215406.81,736264543.4,40,18406613.59,2016,2056,36,651422682.3,662638089.1
649,GA,Georgia Power,Vogtle Common,2411377159,1611650913,799726246.4,-10643584.37,810369830.7,52,15584035.21,2016,2068,48,737390105.5,748033689.9
702,GA,Georgia Power,Bartletts Ferry 1 - 4,117260607,62298171.27,54962435.73,-1470580.971,56433016.7,69,817869.8072,2016,2085,65,51690956.5,53161537.47
704,GA,Georgia Power,Burton,11992563,6968794,5023769,-467492.151,5491261.151,46,119375.2424,2016,2062,42,4546268.03,5013760.181
706,GA,Georgia Power,Flint River,14040085,5961565.176,8078519.824,-1379292.916,9457812.74,50,189156.2548,2016,2066,46,7321894.805,8701187.721
707,GA,Georgia Power,Goat Rock 1 - 6,31088325,18427609.53,12660715.47,-892077.83,13552793.3,32,423524.7907,2016,2048,28,10966616.31,11858694.14
712,GA,Georgia Power,Lloyd Shoals,26903162,18746524.38,8156637.62,-801110.148,8957747.768,27,331768.4359,2016,2043,23,6829563.877,7630674.025
717,GA,Georgia Power,Morgan Falls,8715713,7005512.989,1710200.011,-473386.925,2183586.936,45,48524.15413,2016,2061,41,1516103.394,1989490.319
718,GA,Georgia Power,Nacoochee,3084212,3423853,-339641,-351657.572,12016.572,49,245.2361633,2016,2065,45,-340621.9447,11035.62735
719,GA,Georgia Power,North Highlands,13789228,7273633.205,6515594.795,-1325475.888,7841070.683,61,128542.1424,2016,2077,57,6001426.226,7326902.114
720,GA,Georgia Power,Oliver,17960371,12609854.95,5350516.048,-629844.462,5980360.51,62,96457.42759,2016,2078,58,4964686.338,5594530.8
722,GA,Georgia Power,Sinclair Dam,19899450,11298710.31,8600739.686,-736082.004,9336821.69,67,139355.5476,2016,2083,63,8043317.496,8779399.5
723,GA,Georgia Power,Tallulah Falls,23409181,12466687.35,10942493.65,-1220446.443,12162940.09,40,304073.5022,2016,2056,36,9726199.638,10946646.08
724,GA,Georgia Power,Terrora,18470040,10299213.34,8170826.664,-957552.93,9128379.594,55,165970.5381,2016,2071,51,7506944.512,8464497.442
725,GA,Georgia Power,Tugalo,17155571,10302510.8,6853060.202,-1022291.067,7875351.269,58,135781.9184,2016,2074,54,6309932.529,7332223.596
6087,GA,Georgia Power,Wallace Dam (Conv and Pump),332513300,125798162.2,206715137.8,-3089615.382,209804753.2,52,4034706.792,2016,2068,48,190576310.6,193665926
729,GA,Georgia Power,Yonah,8667441,6354869.297,2312571.703,-465638.853,2778210.556,67,41465.82919,2016,2083,63,2146708.386,2612347.239
710,GA,Georgia Power,McDonough-Atkinson CT,1533054215,384822396,1148231819,-36253984.87,1184485804,34,34837817.75,2016,2050,30,1008880548,1045134533
715,GA,Georgia Power,McManus CT,15848492,54160571,-38312079,116324.598,-38195754.4,30,-1273191.813,2016,2046,26,-33219311.75,-33102987.15
6258,GA,Georgia Power,Wilson CT,38544723,41349059.08,-2804336.08,251073.45,-2553262.63,29,-88043.53898,2016,2045,25,-2452161.924,-2201088.474
56150,GA,Georgia Power,McIntosh CC,523478458,129880392.1,393598065.9,-9829878.954,403427944.8,28,14408140.89,2016,2044,24,335965502.3,345795381.3
7348,GA,Georgia Power,Warner Robins Common,87499675,22043855.11,65455819.89,-709273.09,66165092.98,36,1837919.25,2016,2052,32,58104142.9,58813415.99
732,GA,Georgia Power,Boulevard CT,548285,2640398,-2092113,589904,-1502209,9,-166912.1111,2016,2025,5,-1424464.556,-834560.5556
59862,GA,Georgia Power,FORT BENNING,64069720,2348727.759,61720992.24,0,61720992.24,30,2057366.408,2016,2046,26,53491526.61,53491526.61
59863,GA,Georgia Power,FORT GORDON,62965153,210585.796,62754567.2,0,62754567.2,30,2091818.907,2016,2046,26,54387291.58,54387291.58
59865,GA,Georgia Power,FORT STEWART,65022341,217466.0234,64804874.98,0,64804874.98,30,2160162.499,2016,2046,26,56164224.98,56164224.98
59864,GA,Georgia Power,KING'S BAY,69759788,233310.3278,69526477.67,0,69526477.67,30,2317549.256,2016,2046,26,60256280.65,60256280.65
GeorgiaPower_Other,GA,Georgia Power,Other Production,320169974,161092566.1,159077407.9,-1979683.027,161057090.9,45,3579046.465,2016,2061,41,144761222.1,146740905.1
3809_3,VA,Virginia Electric and Power Co.,YORKTOWN ,306347835.3,154464217.3,151883618,-31369204.21,183252822.2,28,6544743.651,2016,2044,24,125704643.4,157073847.6
3806,VA,Virginia Electric and Power Co.,SURRY,2388031820,1035246840,1352784980,-44440819.42,1397225800,17,82189752.93,2016,2033,13,1024025969,1068466788
10774,VA,Virginia Electric and Power Co.,SOUTHAMPTON POWER STATION,68555284.59,68039611,515673.59,-962073.41,1477747,0,,2016,2016,-4,,
50555,VA,Virginia Electric and Power Co.,ROSEMARY,30079620.07,16765649,13313971.07,-1554037.93,14868009,10,1486800.9,2016,2026,6,7366767.47,8920805.4
2758,VA,Virginia Electric and Power Co.,ROANOKE RAPIDS POWER STATION,46405287.26,25941207,20464080.26,-2842047.74,23306128,28,832361.7143,2016,2044,24,17134633.4,19976681.14
7838,VA,Virginia Electric and Power Co.,REMINGTON CT,170167703.1,56422319,113745384.1,-9651429.91,123396814,20,6169840.7,2016,2036,16,89066021.29,98717451.2
3804,VA,Virginia Electric and Power Co.,POSSUM POINT ,833971700.9,271357168.1,562614532.8,-74507204.59,637121737.4,28,22754347.76,2016,2044,24,471597141.7,546104346.3
52118,VA,Virginia Electric and Power Co.,PITTSYLVANIA POWER STATION,44515027.04,26400023.97,18115003.07,-6695169.5,24810172.57,33,751823.4113,2016,2049,29,15107709.43,21802878.93
3800,VA,Virginia Electric and Power Co.,NORTHERN NECK CT,10602154.48,8798704,1803450.48,-0.519999998,1803451,0,,2016,2016,-4,,
6168,VA,Virginia Electric and Power Co.,NORTH ANNA,3574468126,1646830346,1927637780,-73676707.02,2001314487,21,95300689.85,2016,2037,17,1546435020,1620111727
52007_GEN1,VA,Virginia Electric and Power Co.,MECKLENBURG POWER STATION 1,40893934.18,17638824.98,23255109.2,-5210181.615,28465290.81,4,7116322.703,2016,2020,0,-5210181.615,1.86265E-09
52007_GEN2,VA,Virginia Electric and Power Co.,MECKLENBURG POWER STATION 2,40893934.18,17638824.98,23255109.2,-5210181.615,28465290.81,4,7116322.703,2016,2020,0,-5210181.615,1.86265E-09
3799,VA,Virginia Electric and Power Co.,LOWMOOR CT,9908839.1,9011682,897157.1,-348666.9,1245824,0,,2016,2016,-4,,
10773,VA,Virginia Electric and Power Co.,LG & E ALTAVISTA,69556145.98,69115590,440555.98,-785933.02,1226489,0,,2016,2016,-4,,
7839,VA,Virginia Electric and Power Co.,LADYSMITH CT,269042308.7,32567447,236474861.7,-14876356.32,251351218,28,8976829.214,2016,2044,24,200567544.8,215443901.1
10771,VA,Virginia Electric and Power Co.,HOPEWELL POWER STATION,6951559.05,6304052,647507.05,-1082321.95,1729829,0,,2016,2016,-4,,
7032,VA,Virginia Electric and Power Co.,GRAVEL NECK CT,93209625.07,54748895,38460730.07,-5699689.93,44160420,9,4906713.333,2016,2025,5,18833876.74,24533566.67
54844,VA,Virginia Electric and Power Co.,GORDONSVILLE POWER STATION,46126977.24,19174663,26952314.24,-2611745.76,29564060,12,2463671.667,2016,2028,8,17097627.57,19709373.33
2756,VA,Virginia Electric and Power Co.,GASTON POWER STATION,43665274.71,20767553,22897721.71,-2729767.29,25627489,28,915267.4643,2016,2044,24,19236651.85,21966419.14
52087,VA,Virginia Electric and Power Co.,ELIZABETH RIVER CT,44881746.5,22235008,22646738.5,-2745542.5,25392281,12,2116023.417,2016,2028,8,14182644.83,16928187.33
7212,VA,Virginia Electric and Power Co.,DARBYTOWN CT,87677166.61,51203717,36473449.61,-4985928.39,41459378,10,4145937.8,2016,2026,6,19889698.41,24875626.8
3798,VA,Virginia Electric and Power Co.,CUSHAW,7424088.57,2865671,4558417.57,-570350.43,5128768,22,233125.8182,2016,2038,18,3625914.297,4196264.727
3803,VA,Virginia Electric and Power Co.,CHESAPEAKE CT,10546802.43,7835026,2711776.43,-371169.57,3082946,1,3082946,2016,2017,-3,-9620007.57,-9248838
3796,VA,Virginia Electric and Power Co.,BREMO,131920873.3,126267064,5653809.25,-12920182.05,18573991.3,2,9286995.65,2016,2018,-2,-31494173.35,-18573991.3
50966,VA,Virginia Electric and Power Co.,BELLEMEADE POWER STATION,69929254.02,19156663,50772591.02,-4823627.98,55596219,12,4633018.25,2016,2028,8,32240518.02,37064146
56807,VA,Virginia Electric and Power Co.,BEAR GARDEN,603963322.7,8982870.655,594980452.1,-39356738.22,634337190.3,31,20462490.01,2016,2047,27,513130492,552487230.2
6167,VA,Virginia Electric and Power Co.,BATH COUNTY UNITS 1 THROUGH 6 AND COMMON,1002010354,499364252,502646102.4,-24182260.61,526828363,19,27727808.58,2016,2035,15,391734868.1,415917128.7
3797_8,VA,Virginia Electric and Power Co.,CHESTERFIELD UNIT 8,150732079,70803460.46,79928618.49,-10062807.27,89991425.77,12,7499285.481,2016,2028,8,49931476.57,59994283.84
3797_7,VA,Virginia Electric and Power Co.,CHESTERFIELD UNIT 7,139033492,68414411.01,70619081.03,-9521555.529,80140636.56,10,8014063.656,2016,2026,6,38562826.4,48084381.93
3797_6,VA,Virginia Electric and Power Co.,CHESTERFIELD UNIT 6,847794137.6,193102379.8,654691757.8,-133945338.5,788637096.4,23,34288569.41,2016,2039,19,517537480.2,651482818.7
3797_5,VA,Virginia Electric and Power Co.,CHESTERFIELD UNIT 5,319376792.1,93677767.64,225699024.5,-50132147.98,275831172.5,18,15323954.03,2016,2034,14,164403208.4,214535356.4
3797_4,VA,Virginia Electric and Power Co.,CHESTERFIELD UNIT 4,139374708.9,56272880.37,83101828.52,-21637865.43,104739693.9,14,7481406.71,2016,2030,10,53176201.68,74814067.1
3797_3,VA,Virginia Electric and Power Co.,CHESTERFIELD UNIT 3,53847032.31,35939652.64,17907379.68,-7202083.006,25109462.68,6,4184910.447,2016,2022,2,1167737.887,8369820.894
7213_2,VA,Virginia Electric and Power Co.,CLOVER UNIT 2,280143075.2,98423581.73,181719493.5,-34337640.41,216057133.9,35,6173060.968,2016,2051,31,157027249.6,191364890
7213_1,VA,Virginia Electric and Power Co.,CLOVER UNIT 1,294733263.3,108779821.8,185953441.5,-35483420.65,221436862.2,34,6512848.887,2016,2050,30,159902046,195385466.6
3954_3,VA,Virginia Electric and Power Co.,MT STORM UNIT 3,640747232.8,257049646.3,383697586.5,-91787321.93,475484908.4,27,17610552.16,2016,2043,23,313255377.8,405042699.8
3954_2,VA,Virginia Electric and Power Co.,MT STORM UNIT 2,514116202.3,193730815.9,320385386.3,-73837448.4,394222834.7,20,19711141.74,2016,2036,16,241540819.4,315378267.8
3954_1,VA,Virginia Electric and Power Co.,MT STORM UNIT 1,562649244.4,268466596.6,294182647.8,-79764459.81,373947107.6,19,19681426.72,2016,2035,15,215456940.9,295221400.7
56808_1,VA,Virginia Electric and Power Co.,Virginia City,1793921307,37377002.33,1756544305,-136598303.6,1893142608,50,37862852.16,2016,2066,46,1605092896,1741691200
55939,VA,Virginia Electric and Power Co.,Warren,981757623,30909859.84,950847763.2,-77399182.56,1028246946,34,30242557.23,2016,2050,30,829877534.2,907276716.8
VA_E&P_Other,VA,Virginia Electric and Power Co.,Other Production,173299531,5295749.48,168003781.5,-8400189.076,176403970.6,34,5188352.076,2016,2050,30,147250373.2,155650562.3
58260,VA,Virginia Electric and Power Co.,Brunswick County Power Station,900000000,71207000,828793000,-72000000,900793000,34,26493911.76,2016,2050,30,722817352.9,794817352.9
2712_1,NC,Duke Energy Progress,ROXBORO UNIT 1,410059786,164358292.8,245701493.2,-14439070.82,260140564,12,21678380.33,2016,2028,8,158987971.9,173427042.7
2712_2,NC ,Duke Energy Progress,ROXBORO UNIT 2,494147902.6,246623336,247524566.6,-14618707.1,262143273.7,12,21845272.81,2016,2028,8,160143475.4,174762182.5
2712_3,NC,Duke Energy Progress,ROXBORO UNIT 3,650782275,271812014.4,378970260.6,-22382029.97,401352290.6,17,23608958.27,2016,2033,13,284534427.5,306916457.5
2712_4,NC ,Duke Energy Progress,ROXBORO UNIT 4,533354859.9,398878200.8,134476659.1,-7970835.949,142447495,17,8379264.415,2016,2033,13,100959601.4,108930437.4
2706_1,NC,Duke Energy Progress,ASHEVILLE UNIT 1,241422082.4,149612152,91809930.42,-4499567.544,96309497.96,11,8755408.906,2016,2027,7,56788294.8,61287862.34
2706_2,NC ,Duke Energy Progress,ASHEVILLE UNIT 2,219071390.5,164726602,54344788.5,-2693333.768,57038122.27,11,5185283.843,2016,2027,7,33603653.13,36296986.9
6250_1,NC,Duke Energy Progress,MAYO,1206324765,525723281,680601484.2,-40463527.26,721065011.5,19,37950790.08,2016,2035,15,528798323.9,569261851.2
6014,NC ,Duke Energy Progress,BRUNSWICK,2768090124,1365350868,1402739256,-15298626.48,1418037883,20,70901894.15,2016,2036,16,1119131680,1134430306
6015,NC,Duke Energy Progress,HARRIS,3955872213,1913174678,2042697535,-65391052.38,2108088588,30,70269619.59,2016,2046,26,1761619057,1827010109
3251,NC ,Duke Energy Progress,ROBINSON,1249238377,612685089,636553287.7,-6477114.088,643030401.7,14,45930742.98,2016,2030,10,452830315.7,459307429.8
2707,NC,Duke Energy Progress,BLEWETT,41652462.08,19294690,22357772.08,-9332181.471,31689953.55,39,812562.9116,2016,2055,35,19107520.43,28439701.91
2710,NC ,Duke Energy Progress,MARSHALL,12584273.68,6579290,6004983.68,-1020545.549,7025529.229,19,369764.6962,2016,2035,15,4525924.895,5546470.444
2714,NC,Duke Energy Progress,TILLERY,27305172.79,8007318,19297854.79,-6749359.711,26047214.5,39,667877.2949,2016,2055,35,16626345.61,23375705.32
2715,NC ,Duke Energy Progress,WALTERS,52470611.8,22368523,30102088.8,-2102563.187,32204651.99,18,1789147.333,2016,2034,14,22945499.47,25048062.66
2706_GT,NC,Duke Energy Progress,ASHEVILLE IC TURBINE,95262758.87,40178649,55084109.87,-1652523.507,56736633.38,23,2466810.147,2016,2039,19,45216869.28,46869392.79
3250,NC ,Duke Energy Progress,DARLINGTON IC TURBINE UNITS 1-11,141027996.7,63519549,77508447.67,-1667212.759,79175660.43,4,19793915.11,2016,2020,0,-1667212.759,2.32831E-10
7805,NC ,Duke Energy Progress,SMITH IC TURBINES (RICHMOND COUNTY),1027290397,126377783,900912613.6,-7737650.665,908650264.2,25,36346010.57,2016,2041,21,755528571.3,763266221.9
2716,NC ,Duke Energy Progress,WEATHERSPOON IC TURBINES,23166146.93,24156462,-990315.07,217869.2618,-772445.8082,8,-96555.72603,2016,2024,4,-604092.1659,-386222.9041
58697,NC,Duke Energy Progress,SUTTON COMBINED CYCLE,534219463.7,23366311,510853152.7,-3202368.68,514055521.4,37,13893392.47,2016,2053,33,455279582.8,458481951.5
58215,NC ,Duke Energy Progress,H.F. LEE COMBINED CYCLE (WAYNE COUNTY),689643960.2,17452468,672191492.2,-14929423.21,687120915.4,36,19086692.09,2016,2052,32,595844723.8,610774147
7538,NC,Duke Energy Progress,H.F. LEE IC TURBINES (WAYNECOUNTY UNITS 10-13),274762981,83625841,191137140,-3677989.319,194815129.4,24,8117297.057,2016,2040,20,158667951.8,162345941.1
DEP_Other,NC,Duke Energy Progress,Other Production,183881057,6871417,177009640,-5966205.926,182975845.9,24,7623993.578,2016,2040,20,146513665.6,152479871.6
2721_5,NC,Duke Energy Carolinas,CLIFFSIDE 5 (J.E. ROGERS),691550578.6,341602735,349947843.6,-20654303.5,370602147.1,16,23162634.19,2016,2032,12,257297306.8,277951610.3
2721_6,NC,Duke Energy Carolinas,CLIFFSIDE 6 (J.E. ROGERS),2104635945,351027345,1753608600,-120749873.6,1874358474,32,58573702.3,2016,2048,28,1519313791,1640063664
2727,NC,Duke Energy Carolinas,MARSHALL,1513224889,726325962,786898926.9,-47199923.69,834098850.6,18,46338825.03,2016,2034,14,601543626.8,648743550.5
8042,NC,Duke Energy Carolinas,BELEWS CREEK,1966559173,915480956,1051078217,-73517716.46,1124595933,21,53552187.31,2016,2037,17,836869467.8,910387184.3
3264,NC,Duke Energy Carolinas,LEE,155278032,80112195,75165837.03,-7480343.013,82646180.04,14,5903298.574,2016,2030,10,51552642.73,59032985.74
2718,NC,Duke Energy Carolinas,ALLEN,1137264144,734504977,402759166.9,-20137882.53,422897049.4,10,42289704.94,2016,2026,6,233600347.1,253738229.7
3265,NC,Duke Energy Carolinas,OCONEE,4147234182,1297095832,2850138350,-28498462.99,2878636813,18,159924267.4,2016,2034,14,2210441280,2238939743
6038,NC,Duke Energy Carolinas,MCGUIRE,3201839715,1421140072,1780699643,-71226319.88,1851925963,27,68589850.47,2016,2043,23,1506340241,1577566561
6036,NC,Duke Energy Carolinas,CATAWBA,842345793.4,412231175,430114618.4,-17195257.24,447309875.7,27,16567032.43,2016,2043,23,363846488.7,381041745.9
2722,NC,Duke Energy Carolinas,COWANS FORD,97616522.26,48501686,49114836.26,-6391342.673,55506178.93,39,1423235.357,2016,2055,35,43421894.83,49813237.5
7125,NC,Duke Energy Carolinas,BAD CREEK,1019570101,513152278,506417823.5,-30363502.02,536781325.5,42,12780507.75,2016,2058,38,455295792.5,485659294.5
3262,NC,Duke Energy Carolinas,JOCASSEE,156485449.7,88296499,68188950.72,-3399943.681,71588894.4,30,2386296.48,2016,2046,26,58643764.8,62043708.48
6517,NC,Duke Energy Carolinas,KEOWEE,127301843.4,49935190,77366653.43,-4201712.117,81568365.55,30,2718945.518,2016,2046,26,66490871.36,70692583.47
3257,NC,Duke Energy Carolinas,FISHING CREEK,46856475.47,20930958,25925517.47,-4403859.783,30329377.25,39,777676.3398,2016,2055,35,22814812.11,27218671.89
3255,NC,Duke Energy Carolinas,CEDAR CREEK,26118279.62,10862592,15255687.62,-3051137.206,18306824.83,39,469405.7648,2016,2055,35,13378064.56,16429201.77
2719,NC,Duke Energy Carolinas,BRIDGEWATER,204694726.1,42627010,162067716.1,-6470240.031,168537956.1,39,4321486.054,2016,2055,35,144781771.8,151252011.9
3258,NC,Duke Energy Carolinas,GASTON SHOALS,19732515.34,8144166,11588349.34,-1968474.894,13556824.23,20,677841.2117,2016,2036,16,8876984.493,10845459.39
2726,NC,Duke Energy Carolinas,LOOKOUT SHOALS,21000849.69,10484402,10516447.69,-2417927.105,12934374.8,39,331650.6358,2016,2055,35,9189845.147,11607772.25
2728,NC,Duke Energy Carolinas,MOUNTAIN ISLAND,27641115.02,13154826,14486289.02,-3579132.508,18065421.53,39,463215.9366,2016,2055,35,12633425.27,16212557.78
3272,NC,Duke Energy Carolinas,99 ISLANDS,24038688,13656831,10381857,-1971149.337,12353006.34,20,617650.3169,2016,2036,16,7911255.733,9882405.07
2729,NC,Duke Energy Carolinas,OXFORD,45308486.9,17395485,27913001.9,-2748558.425,30661560.32,39,786193.8545,2016,2055,35,24768226.48,27516784.91
2730,NC,Duke Energy Carolinas,RHODHISS,30846138.67,10737982,20108156.67,-3396230.184,23504386.85,39,602676.586,2016,2055,35,17697450.33,21093680.51
2736,NC,Duke Energy Carolinas,TUXEDO,10725643.17,6057615,4668028.17,-866632.1276,5534660.298,25,221386.4119,2016,2041,21,3782482.522,4649114.65
3270,NC,Duke Energy Carolinas,WATEREE,49352461.98,24652703,24699758.98,-4181593.226,28881352.21,39,740547.4925,2016,2055,35,21737569.01,25919162.24
3271,NC,Duke Energy Carolinas,WYLIE,46023449.96,22814927,23208522.96,-3843481.539,27052004.5,39,693641.141,2016,2055,35,20433958.4,24277439.93
3259,NC,Duke Energy Carolinas,GREAT FALLS,10128068.07,11031950,-903881.93,-18574773.66,17670891.73,39,453099.788,2016,2055,35,-2716281.082,15858492.58
3256,NC,Duke Energy Carolinas,DEARBORN,20185351.4,9574896,10610455.4,-2546509.435,13156964.83,39,337358.0727,2016,2055,35,9261023.109,11807532.54
2741,NC,Duke Energy Carolinas,NPL BEAR CREEK,4030254.58,3539613,490641.58,-152082.5158,642724.0958,25,25708.96383,2016,2041,21,387805.7247,539888.2405
2743,NC,Duke Energy Carolinas,NPL CEDAR CLIFF,7219693.55,3214781,4004912.55,-961178.4562,4966091.006,25,198643.6402,2016,2041,21,3210337.989,4171516.445
2745,NC,Duke Energy Carolinas,NPL FRANKLIN,8110287.5,1200565,6909722.5,-1517811.581,8427534.081,25,337101.3632,2016,2041,21,5561317.047,7079128.628
2746,NC,Duke Energy Carolinas,NPL MISSION,8017850.49,2118555,5899295.49,-2005760.719,7905056.209,25,316202.2484,2016,2041,21,4634486.497,6640247.216
2747,NC,Duke Energy Carolinas,NPL NANTAHALA,19159897.02,13915363,5244534.02,-731157.3865,5975691.407,26,229834.2849,2016,2042,22,4325196.881,5056354.267
6438,NC,Duke Energy Carolinas,NPL QUEENS CREEK,1301632.77,1255213,46419.77,-35795.50435,82215.27435,16,5138.454647,2016,2032,12,25865.95141,61661.45576
2749,NC,Duke Energy Carolinas,NPL TENNESSEE CREEK,7812317.86,5125217,2687100.86,-537371.1815,3224472.042,25,128978.8817,2016,2041,21,2171185.333,2708556.515
2750,NC,Duke Energy Carolinas,NPL THORPE,11093998.49,8589137,2504861.49,-498844.2293,3003705.719,25,120148.2288,2016,2041,21,2024268.575,2523112.804
2751,NC,Duke Energy Carolinas,NPL TUCKASEGEE,3474697.76,1637754,1836943.76,-624288.0892,2461231.849,25,98449.27397,2016,2041,21,1443146.664,2067434.753
7277,NC,Duke Energy Carolinas,LINCOLN,402972622.5,256693444,146279178.5,-5851166.618,152130345.2,19,8006860.271,2016,2035,15,114251737.5,120102904.1
2723,NC,Duke Energy Carolinas,DAN RIVER COMBINED CYCLE,652458161.4,95148093,557310068.4,-13676646.46,570986714.9,36,15860742.08,2016,2052,32,493867100.1,507543746.5
7981,NC,Duke Energy Carolinas,MILL CREEK,249858115.5,115058858,134799257.5,-5391969.722,140191227.2,27,5192267.673,2016,2043,23,114030186.8,119422156.5
55116,NC,Duke Energy Carolinas,ROCKINGHAM,296852669,114332524,182520145,-5475604.337,187995749.3,24,7833156.22,2016,2040,20,151187520.1,156663124.4
2720,NC,Duke Energy Carolinas,BUCK COMBINED CYCLE,667258216.6,121101324,546156892.6,-13599068.31,559755960.9,35,15993027.45,2016,2051,31,482184782.8,495783851.1
DE_Carolinas_Other,NC,Duke Energy Carolinas,OTHER PRODUCTION,86328922.35,23026188,63302734.35,-1459872.809,64762607.16,25,2590504.286,2016,2041,21,52940717.2,54400590.01
7210,SC,South Carolina Electric&Gas Company,Cope,548200900.1,252282495.2,295918404.9,-80675182.15,376593587,55,6847156.128,2016,2071,51,268529780.4,349204962.5
3297,SC,South Carolina Electric&Gas Company,Wateree,898700112.5,314058969.2,584641143.3,-158957063.3,743598206.6,29,25641317.47,2016,2045,25,482075873.4,641032936.7
6127,SC,South Carolina Electric&Gas Company,VC Summer,1089934134,372662185.7,717271948.3,-26080135.97,743352084.3,46,16159827.92,2016,2062,42,652632636.7,678712772.6
3281,SC,South Carolina Electric&Gas Company,Coit,6269373.89,5753346,516027.89,-51799.41674,567827.3067,13,43679.0236,2016,2029,9,341311.7956,393111.2124
6126,SC,South Carolina Electric&Gas Company,Fairfield,358838512.7,80262343.23,278576169.4,-38559863.74,317136033.2,112,2831571.725,2016,2128,108,267249882.5,305809746.3
3285,SC,South Carolina Electric&Gas Company,Hagood,56822697.48,38029744.22,18792953.26,-1836097.748,20629051.01,48,429771.8961,2016,2064,44,17073865.68,18909963.43
3286,SC,South Carolina Electric&Gas Company,Hardeeville,3728954.29,2415576,1313378.29,-137309.4889,1450687.779,2,725343.8894,2016,2018,-2,-1587997.268,-1450687.779
55927,SC,South Carolina Electric&Gas Company,Jasper,524249107.1,185237045,339012062.1,-46010644.13,385022706.2,63,6111471.527,2016,2079,59,314566176,360576820.1
3287,SC,South Carolina Electric&Gas Company,McMeekin,184357842.9,105513929.5,78843913.4,-21430773.62,100274687,12,8356223.918,2016,2028,8,45419017.73,66849791.35
3289,SC,South Carolina Electric&Gas Company,Neal Shoals,7858358.89,3397472,4460886.89,-640439.8285,5101326.718,39,130803.2492,2016,2055,35,3937673.893,4578113.722
3291,SC,South Carolina Electric&Gas Company,Parr - Other,11684443.24,5565535.975,6118907.265,-589757.3375,6708664.602,14,479190.3287,2016,2030,10,4202145.95,4791903.287
3290,SC,South Carolina Electric&Gas Company,Parr - Hydro,32101640.77,5759061.593,26342579.18,-3641382.57,29983961.75,48,624665.8697,2016,2064,44,23843915.7,27485298.27
3293,SC,South Carolina Electric&Gas Company,Saluda,1121093311,317120387,803972923.7,-12675111.79,816648035.4,66,12373455.08,2016,2082,62,754479103.3,767154215.1
736,SC,South Carolina Electric&Gas Company,Stevens Creek,42098343.91,11386109.38,30712234.53,-4155463.386,34867697.92,63,553455.5225,2016,2079,59,28498412.44,32653875.83
3295_3,SC,South Carolina Electric&Gas Company,Urquhart - Steam,119916284.5,58165920.72,61750363.8,-14912247.53,76662611.33,12,6388550.944,2016,2028,8,36196160.02,51108407.55
3295_CCGT,SC,South Carolina Electric&Gas Company,Urquhart - Combined Cycle,268960702.1,126376202.8,142584499.3,-14224363.58,156808862.9,61,2570637.096,2016,2077,57,132301950.9,146526314.5
3295_GT,SC,South Carolina Electric&Gas Company,Urquhart - Gas Turbine,33389902.75,18083091.17,15306811.58,-1503300.024,16810111.6,28,600361.1287,2016,2044,24,12905367.07,14408667.09
SCE&G_Other,SC,South Carolina Electric&Gas Company,SCE&G Other Production,15083657.46,4507279.762,10576377.7,-1240956.054,11817333.75,14,844095.268,2016,2030,10,7199996.626,8440952.68
3298_ST1,SC,"South Carolina Genertg Co, Inc",Williams,7606356.27,5561273.792,2045082.478,-195473.5282,2240556.006,41,54647.70746,2016,2057,37,1826491.648,2021965.176
469_4,CO,Public Service Co of Colorado,Cherokee Unit 4,207708442,116752724,90955718,21901950,112857668,9,12539740.89,2018,2027,7,65876236.22,87778186.22
470_1,CO,Public Service Co of Colorado,Comanche Unit 1,325318449.1,128705013.6,196613435.5,18106843.69,214720279.2,15,14314685.28,2018,2033,13,167984064.9,186090908.6
470_2,CO,Public Service Co of Colorado,Comanche Unit 2,267611167.1,105446528.1,162164639,17036309.93,179200948.9,17,10541232.29,2018,2035,15,141082174.4,158118484.4
470_3,CO,Public Service Co of Colorado,Comanche Unit 3,998957319.9,105909676.4,893047643.5,29461680.37,922509323.9,52,17740563.92,2018,2070,50,857566515.6,887028196
6021_1,CO,Public Service Co of Colorado,Craig Unit 1,58127432.7,28634153.82,29493278.88,3064083.19,32557362.07,7,4651051.724,2018,2025,5,20191175.43,23255258.62
6021_2,CO,Public Service Co of Colorado,Craig Unit 2,63803469.3,24039607.18,39763862.12,3421997.81,43185859.93,21,2056469.52,2018,2039,19,35650923.08,39072920.89
525_1,CO,Public Service Co of Colorado,Hayden Unit 1,181598225.9,77872065.84,103726160.1,10034668.59,113760828.7,12,9480069.058,2018,2030,10,84766021.99,94800690.58
525_2,CO,Public Service Co of Colorado,Hayden Unit 2,170111478.1,66646617.16,103464860.9,5201283.415,108666144.3,18,6037008.017,2018,2036,16,91390844.86,96592128.27
6248_1,CO,Public Service Co of Colorado,Pawnee Unit 1,909762800,305486118,604276682,15047967,619324649,23,26927158.65,2018,2041,21,550422364.7,565470331.7
6207,CO,Public Service Co of Colorado,Ames,12374082,3017979,9356103,2311000,11667103,32,364596.9688,2018,2050,30,8626909.063,10937909.06
467,CO,Public Service Co of Colorado,Cabin Creek,62205635,27604880,34600755,26009000,60609755,36,1683604.306,2018,2054,34,31233546.39,57242546.39
472,CO,Public Service Co of Colorado,Georgetown,17409220,4261225,13147995,3276000,16423995,18,912444.1667,2018,2036,16,11323106.67,14599106.67
474,CO,Public Service Co of Colorado,Salida,4304602,4052031,252571,7273000,7525571,9,836174.5556,2018,2027,7,-1419778.111,5853221.889
476,CO,Public Service Co of Colorado,Shoshone,27471955,6517631,20954324,1515000,22469324,40,561733.1,2018,2058,38,19830857.8,21345857.8
6206,CO,Public Service Co of Colorado,Tacoma,22362801,3755309,18607492,7559000,26166492,32,817702.875,2018,2050,30,16972086.25,24531086.25
464,CO,Public Service Co of Colorado,Alamosa,10318490,8683006,1635484,714000,2349484,8,293685.5,2018,2026,6,1048113,1762113
55645,CO,Public Service Co of Colorado,Blue Spruce,220948520,45051471,175897049,4992000,180889049,32,5652782.781,2018,2050,30,164591483.4,169583483.4
469_CCGT,CO,Public Service Co of Colorado,Cherokee 5-7,584221010,41191319,543029691,11131000,554160691,37,14977315.97,2018,2055,35,513075059.1,524206059.1
471,CO,Public Service Co of Colorado,Fruita CT,3463142,3264620,198522,521000,719522,8,89940.25,2018,2026,6,18641.5,539641.5
6112,CO,Public Service Co of Colorado,Fort St Vrain 1-4,370384992,171328404,199056588,7707500,206764088,23,8989742.957,2018,2041,21,181077102.1,188784602.1
6112_GT,CO,Public Service Co of Colorado,Fort St Vrain 5-6,241561037,76801218,164759819,18942500,183702319,31,5925881.258,2018,2049,29,152908056.5,171850556.5
8067,CO,Public Service Co of Colorado,Ft. Lupton CT,13727129,11198625,2528504,1278000,3806504,8,475813,2018,2026,6,1576878,2854878
55835,CO,Public Service Co of Colorado,Rocky Mountain,404777432,82489227,322288205,16534000,338822205,32,10588193.91,2018,2050,30,301111817.2,317645817.2
477,CO,Public Service Co of Colorado,Valmont CT,10152455,8237216,1915239,130000,2045239,8,255654.875,2018,2026,6,1403929.25,1533929.25
PS_Other,CO,Public Service Co of Colorado,Wind - Ponnequin,0,1229000,-1229000,1229000,0,-3,0,2018,2015,-5,-1229000,0
PS_Other,CO,Public Service Co of Colorado,Wind - Hydrogen,1017482,674578,342904,130000,472904,3,157634.6667,2018,2021,1,27634.66667,157634.6667
469_2_SC,CO,Public Service Co of Colorado,Cherokee Unit 2 SC,12902776,5009895,7892881,188800,8081681,9,897964.5556,2018,2027,7,6096951.889,6285751.889
8023_1,WI,Wisconsin Power & Light Co,Columbia Unit 1,249223140.3,71571848.14,177651292.2,-46465336.38,224116628.5,19,11795612.03,2014,2033,13,106877620,153342956.4
8023_2,WI,Wisconsin Power & Light Co,Columbia Unit 2,278383439.9,90352807.5,188030632.4,-50661839.04,238692471.5,21,11366308.17,2014,2035,15,119832783.4,170494622.5
4050_4,WI,Wisconsin Power & Light Co,Edgewater Unit 4,86408653.19,51275396.8,35133256.39,-10956247.61,46089504,14,3292107.429,2014,2028,8,15380611.82,26336859.43
4050_5,WI,Wisconsin Power & Light Co,Edgewater Unit 5,442314741.6,188862401,253452340.6,-73733121.45,327185462,26,12584056.23,2014,2040,20,177948003.2,251681124.6
4057_3,WI,Wisconsin Power & Light Co,Rock River Unit 3,3716936.215,3742833.924,-25897.70957,-1040742.783,1014845.073,4,253711.2683,2014,2018,-2,-1548165.319,-507422.5366
4057_4,WI,Wisconsin Power & Light Co,Rock River Unit 4,2627372.694,2615479.854,11892.8401,-735664.3317,747557.1718,4,186889.293,2014,2018,-2,-1109442.918,-373778.5859
4057_5,WI,Wisconsin Power & Light Co,Rock River Unit 5,6488568.912,5506915.14,981653.7724,-1873952.999,2855606.771,4,713901.6928,2014,2018,-2,-3301756.385,-1427803.386
4057_6,WI,Wisconsin Power & Light Co,Rock River Unit 6,6372609.469,5178119.442,1194490.027,-1839840.957,3034330.984,4,758582.7459,2014,2018,-2,-3357006.448,-1517165.492
4059,WI,Wisconsin Power & Light Co,Sheepskin,6553329.47,6222100.76,331228.71,-131067.29,462296,4,115574,2014,2018,-2,-362215.29,-231148
7203_2,WI,Wisconsin Power & Light Co,S Fond du Lac Unit 2,29144055.43,16148275.5,12995779.93,-4663048.866,17658828.8,19,929412.042,2014,2033,13,7419307.68,12082356.55
7203_3,WI,Wisconsin Power & Light Co,S Fond du Lac Unit 3,34512855.9,18651749.47,15861106.43,-5522054.774,21383161.2,19,1125429.537,2014,2033,13,9108529.206,14630583.98
55135,WI,Wisconsin Power & Light Co,Alliant Energy Neenah,112283072.3,38668177.97,73614894.34,-19088121.66,92703016,27,3433445.037,2014,2041,21,53014224.12,72102345.78
56166,WI,Wisconsin Power & Light Co,Sheboygan Falls,562494.98,-25565.7,588060.68,-5625.32,593686,10,59368.6,2014,2024,4,231849.08,237474.4
55641,WI,Wisconsin Power & Light Co,Riverside Energy Center,515809407.6,135700268.2,380109139.4,-46422846.56,426531986,32,13329124.56,2014,2046,26,300134392.1,346557238.6
57198,WI,Wisconsin Power & Light Co,Bent Tree Wind Farm Phase 1,103136750.6,11980910.66,91155839.92,-10313674.08,101469514,26,3902673.615,2014,2040,20,67739798.23,78053472.31
56347,WI,Wisconsin Power & Light Co,Cedar Ridge,159015047.9,34972476.52,124042571.4,-17491654.61,141534226,22,6433373.909,2014,2036,16,85442327.94,102933982.5
4072_7,WI,Wisconsin Public Service Corp,Pulliam Unit 7,13240296.75,26256165.89,-13015869.14,-8765928.604,-4249940.538,22,-193179.1154,2008,2030,10,-10697719.76,-1931791.154
4072_8,WI,Wisconsin Public Service Corp,Pulliam Unit 8,5114827.789,39762816.9,-34647989.11,-8087479.933,-26560509.18,22,-1207295.872,2008,2030,10,-20160438.65,-12072958.72
4078_3,WI,Wisconsin Public Service Corp,Weston Unit 3,63612495.17,170617143.7,-107004648.5,-22864336.35,-84140312.19,33,-2549706.43,2008,2041,21,-76408171.37,-53543835.03
4078_4,WI,Wisconsin Public Service Corp,Weston Unit 4,559168039.6,14469028.15,544699011.4,-41009695.8,585708707.2,38,15413387.03,2008,2046,26,359738367,400748062.8
7159,WI,Wisconsin Electric Power Co,Concord,131823501.1,52982221.27,78841279.85,-13375722.77,92217002.62,19,4853526.454,2012,2031,11,40013068.22,53388790.99
56068,WI,Wisconsin Electric Power Co,Elm Road Generating Station,20958743.86,1828523.07,19130220.79,-3983408.16,23113628.95,42,550324.4988,2012,2054,34,14727624.8,18711032.96
6253,WI,Wisconsin Electric Power Co,Germantown,95688922.75,49146071.91,46542850.84,-8687271.52,55230122.36,18,3068340.131,2012,2030,10,21996129.79,30683401.31
7270,WI,Wisconsin Electric Power Co,Paris (WI),124299933.1,55147955.77,69151977.31,-11570275.28,80722252.59,20,4036112.63,2012,2032,12,36863076.27,48433351.55
6170,WI,Wisconsin Electric Power Co,Pleasant Prairie,1180539742,652580127.6,527959614.8,-256482526.8,784442141.6,27,29053412.65,2012,2039,19,295532313.6,552014840.4
1769,WI,Wisconsin Electric Power Co,Presque Isle,368078950.9,159237207.4,208841743.5,-79922033.81,288763777.3,23,12554946.84,2012,2035,15,108402168.8,188324202.6
4040,WI,Wisconsin Electric Power Co,Port Washington Generating Station,12859777.37,4463651.01,8396126.36,-1519369.58,9915495.94,28,354124.855,2012,2040,20,5563127.52,7082497.1
4041,WI,Wisconsin Electric Power Co,South Oak Creek,1337265657,305412167.5,1031853489,-283100293.9,1314953783,28,46962635.12,2012,2040,20,656152408.5,939252702.4
4042,WI,Wisconsin Electric Power Co,Valley (WI),147222718.7,73915695.81,73307022.87,-32472197.88,105779220.8,26,4068431.567,2012,2038,18,40759570.33,73231768.21